{
	"partitions" : [
		{
			"name" : "Top",
			"pins" : [
				{
					"name" : "HEX1[6]",
					"strict" : false
				},
				{
					"name" : "HEX1[5]",
					"strict" : false
				},
				{
					"name" : "HEX1[4]",
					"strict" : false
				},
				{
					"name" : "HEX1[3]",
					"strict" : false
				},
				{
					"name" : "HEX1[2]",
					"strict" : false
				},
				{
					"name" : "HEX1[1]",
					"strict" : false
				},
				{
					"name" : "HEX1[0]",
					"strict" : false
				},
				{
					"name" : "HEX0[6]",
					"strict" : false
				},
				{
					"name" : "HEX0[5]",
					"strict" : false
				},
				{
					"name" : "HEX0[4]",
					"strict" : false
				},
				{
					"name" : "HEX0[3]",
					"strict" : false
				},
				{
					"name" : "HEX0[2]",
					"strict" : false
				},
				{
					"name" : "HEX0[1]",
					"strict" : false
				},
				{
					"name" : "HEX0[0]",
					"strict" : false
				},
				{
					"name" : "Input[0]",
					"strict" : false
				},
				{
					"name" : "Reset",
					"strict" : false
				},
				{
					"name" : "Input[1]",
					"strict" : false
				},
				{
					"name" : "Input[2]",
					"strict" : false
				},
				{
					"name" : "Input[3]",
					"strict" : false
				},
				{
					"name" : "Input[4]",
					"strict" : false
				},
				{
					"name" : "Input[5]",
					"strict" : false
				},
				{
					"name" : "Input[6]",
					"strict" : false
				},
				{
					"name" : "Input[7]",
					"strict" : false
				},
				{
					"name" : "Clock",
					"strict" : false
				},
				{
					"name" : "Acc",
					"strict" : false
				},
				{
					"name" : "ButtonC",
					"strict" : false
				},
				{
					"name" : "ButtonB",
					"strict" : false
				}
			]
		}
	]
}